{"width":30,"height":30,"blockTypes":[null,"wall","ground","water"],"blockMap":[[1,1,1,1,1,1,1,1,1,1,1,1,1,1,1,1,1,1,1,1,1,1,1,1,1,1,1,1,1,1],[0,0,0,0,0,0,2,1,1,0,0,0,0,0,0,0,0,0,0,0,0,0,0,0,0,2,1,1,1,1],[0,0,0,0,0,0,2,1,1,0,0,0,0,0,0,0,0,0,0,0,0,0,0,0,0,2,1,1,1,1],[0,0,0,0,0,0,2,1,1,0,0,0,0,0,0,0,0,0,0,0,0,0,0,0,0,2,1,1,1,1],[0,0,0,0,0,0,2,1,1,0,0,0,0,0,0,2,1,1,1,0,0,0,0,0,0,0,0,0,0,1],[0,0,0,0,0,0,2,1,1,0,0,0,0,0,0,0,0,2,1,0,0,0,0,0,0,0,0,0,0,1],[0,0,0,0,0,0,2,1,1,0,0,0,0,0,0,0,0,2,1,0,0,0,0,0,0,2,0,0,0,1],[0,0,0,0,0,0,2,1,1,0,0,0,0,0,0,0,0,2,1,0,0,0,0,0,0,2,0,0,0,1],[0,0,0,0,0,0,2,1,1,0,0,0,0,0,0,0,0,2,1,0,0,0,0,0,0,0,0,0,0,1],[0,0,0,0,0,0,2,1,1,0,0,0,0,0,0,0,0,2,1,0,0,0,0,0,0,0,0,0,0,1],[0,0,0,0,0,0,2,1,1,0,0,0,0,0,0,0,0,2,1,0,0,0,0,2,0,0,0,0,0,1],[0,0,0,0,0,0,2,1,1,0,0,0,0,0,0,2,1,1,1,0,0,0,0,2,0,0,0,0,0,1],[0,0,0,0,0,0,2,1,1,0,0,0,0,0,0,2,1,1,1,0,0,0,0,2,0,0,0,0,0,1],[0,0,0,0,0,0,2,1,1,0,0,0,0,0,0,2,1,1,1,0,0,0,0,2,1,1,1,1,1,1],[0,0,0,0,0,0,0,3,1,0,0,0,0,0,0,0,0,3,1,0,0,0,0,0,0,1,1,1,1,1],[0,0,0,0,0,0,0,3,1,0,0,0,0,0,0,0,0,3,1,0,0,0,0,0,0,1,1,1,1,1],[0,0,0,0,0,0,0,3,1,0,0,0,0,0,0,2,0,3,1,0,0,0,0,0,0,1,1,1,1,1],[0,0,0,0,0,2,1,1,1,0,0,0,0,0,0,2,0,3,1,0,0,0,0,0,0,1,1,1,1,1],[0,0,0,0,0,2,1,1,1,0,0,0,0,0,0,2,0,3,1,0,0,0,0,0,0,1,1,1,1,1],[0,0,0,0,0,2,1,1,1,0,0,0,0,0,0,2,0,3,1,0,0,0,0,0,0,1,1,1,1,1],[0,0,0,0,0,0,0,3,1,0,0,0,0,0,0,2,0,3,1,0,0,0,2,1,1,1,1,1,1,1],[0,0,0,0,0,0,0,3,1,0,0,0,0,0,0,2,0,3,1,0,0,0,2,1,1,1,1,1,1,1],[0,0,0,0,0,0,0,3,1,0,0,0,0,0,0,0,0,3,1,0,0,0,2,1,1,1,1,1,1,1],[0,0,0,1,1,1,1,1,1,0,0,0,0,0,0,0,0,3,1,0,0,0,2,1,1,1,1,1,1,1],[0,0,0,1,1,1,1,1,1,0,0,0,0,0,0,2,1,1,1,0,0,0,2,1,1,1,1,1,1,1],[0,0,0,0,0,0,0,0,0,0,0,0,0,0,0,2,1,1,1,0,0,0,2,1,1,1,1,1,1,1],[0,0,0,0,0,0,0,0,0,0,0,0,0,0,0,2,1,1,1,0,0,0,2,1,1,1,1,1,1,1],[0,0,0,0,0,0,0,0,0,0,0,0,0,0,0,2,1,1,1,0,0,0,2,1,1,1,1,1,1,1],[1,1,1,1,1,1,1,1,1,1,1,1,1,1,1,1,1,1,1,1,1,1,1,1,1,1,1,1,1,1],[1,1,1,1,1,1,1,1,1,1,1,1,1,1,1,1,1,1,1,1,1,1,1,1,1,1,1,1,1,1]],"objects":[["Player",3.9286776501721103,2.8766666666666696]]}