{"width":30,"height":30,"blockTypes":[null,"wall","ground","water"],"blockMap":[[1,1,1,1,1,1,1,1,1,1,1,1,1,1,1,1,1,1,1,1,1,1,1,1,1,1,1,1,1,1],[0,0,0,0,0,0,2,1,1,0,0,0,0,0,0,0,0,0,0,0,0,0,0,0,0,2,1,1,1,1],[0,0,0,0,0,0,2,1,1,0,0,0,0,0,0,0,0,0,0,0,0,0,0,0,0,2,1,1,1,1],[0,0,0,0,0,0,2,1,1,0,0,0,0,0,0,0,0,0,0,0,0,0,0,0,0,2,1,1,1,1],[0,0,0,0,0,0,2,1,1,0,0,0,0,0,0,2,1,1,1,0,0,0,0,0,0,0,0,0,0,1],[0,0,0,0,0,0,2,1,1,0,0,0,0,0,0,0,0,2,1,0,0,0,0,0,0,0,0,0,0,1],[0,0,0,0,0,0,2,1,1,0,0,0,0,0,0,0,0,2,1,0,0,0,0,0,0,2,0,0,0,1],[0,0,0,0,0,0,2,1,1,0,0,0,0,0,0,0,0,2,1,0,0,0,0,0,0,2,0,0,0,1],[0,0,0,0,0,0,2,1,1,0,0,0,0,0,0,0,0,2,1,0,0,0,0,0,0,0,0,0,0,1],[0,0,0,0,0,0,2,1,1,0,0,0,0,0,0,0,0,2,1,0,0,0,0,0,0,0,0,0,0,1],[0,0,0,0,0,0,2,1,1,0,0,0,0,0,0,0,0,2,1,0,0,0,0,2,0,0,0,0,0,1],[0,0,0,0,0,0,2,1,1,0,0,0,0,0,0,2,1,1,1,0,0,0,0,2,0,0,0,0,0,1],[0,0,0,0,0,0,2,1,1,0,0,0,0,0,0,2,1,1,1,0,0,0,0,2,0,0,0,0,0,1],[0,0,0,0,0,0,2,1,1,0,0,0,0,0,0,2,1,1,1,0,0,0,0,2,1,1,1,1,1,1],[0,0,0,0,0,0,0,3,1,0,0,0,0,0,0,0,0,3,1,0,0,0,0,0,0,1,1,1,1,1],[0,0,0,0,0,0,0,3,1,0,0,0,0,0,0,0,0,3,1,0,0,0,0,0,0,1,1,1,1,1],[0,0,0,0,0,0,0,3,1,0,0,0,0,0,0,2,0,3,1,0,0,0,0,0,0,1,1,1,1,1],[0,0,0,0,0,2,1,1,1,0,0,0,0,0,0,2,0,3,1,0,0,0,0,0,0,1,1,1,1,1],[0,0,0,0,0,2,1,1,1,0,0,0,0,0,0,2,0,3,1,0,0,0,0,0,0,1,1,1,1,1],[0,0,0,0,0,2,1,1,1,0,0,0,0,0,0,2,0,3,1,0,0,0,0,0,0,1,1,1,1,1],[0,0,0,0,0,0,0,3,1,0,0,0,0,0,0,2,0,3,1,0,0,0,2,1,1,1,1,1,1,1],[0,0,0,0,0,0,0,3,1,0,0,0,0,0,0,2,0,3,1,0,0,0,2,1,1,1,1,1,1,1],[0,0,0,0,0,0,0,3,1,0,0,0,0,0,0,0,0,3,1,0,0,0,2,1,1,1,1,1,1,1],[0,0,0,1,1,1,1,1,1,0,0,0,0,0,0,0,0,3,1,0,0,0,2,1,1,1,1,1,1,1],[0,0,0,1,1,1,1,1,1,0,0,0,0,0,0,2,1,1,1,0,0,0,2,1,1,1,1,1,1,1],[0,0,0,0,0,0,0,0,0,0,0,0,0,0,0,2,1,1,1,0,0,0,2,1,1,1,1,1,1,1],[0,0,0,0,0,0,0,0,0,0,0,0,0,0,0,2,1,1,1,0,0,0,2,1,1,1,1,1,1,1],[0,0,0,0,0,0,0,0,0,0,0,0,0,0,0,2,1,1,1,0,0,0,2,1,1,1,1,1,1,1],[1,1,1,1,1,1,1,1,1,1,1,1,1,1,1,1,1,1,1,1,1,1,1,1,1,1,1,1,1,1],[1,1,1,1,1,1,1,1,1,1,1,1,1,1,1,1,1,1,1,1,1,1,1,1,1,1,1,1,1,1]],"objects":[["Player",2.0109223661066586,4.376666666666667],["Dog1",12.444255699439992,4.276666666666666],["Dog1",16.6951427276353,13.233333333333333],["Dog1",20.328476060968633,13.333333333333334],["Dog1",6.269093436539306,15.16666666666667],["Dog1",8.569093436539305,15.200000000000003],["Goal",24.592775381926685,20.343333333333334],["Dog2",9.810715171257444,25.516666666666687],["Dog2",5.277381837924111,26.416666666666686],["Dog2",16.877589032773326,22.533333333333346]]}